Forecast_Month,6HSD4J,7XL27C,BJ30D6,FJD6B,HK1R6J,LHR5LZ,NLDP86,SHZ5Y2,VJK56C,Y6HWKQ
2022-02,752281.6724,218422.4656,97930.42508,2102086.477,518854.4876,565321.8823,354483.7881,438210.3371,3334936.291,471867.2663
2022-03,752281.6724,218422.4656,97930.42508,2102086.477,518854.4876,565321.8823,354483.7881,438210.3371,3334936.291,471867.2663
2022-04,752281.6724,218422.4656,97930.42508,2102086.477,518854.4876,565321.8823,354483.7881,438210.3371,3334936.291,471867.2663
2022-05,752281.6724,218422.4656,97930.42508,2102086.477,518854.4876,565321.8823,354483.7881,438210.3371,3334936.291,471867.2663
2022-06,752281.6724,218422.4656,97930.42508,2102086.477,518854.4876,565321.8823,354483.7881,438210.3371,3334936.291,471867.2663
2022-07,752281.6724,218422.4656,97930.42508,2102086.477,518854.4876,565321.8823,354483.7881,438210.3371,3334936.291,471867.2663
